MR,MH,AR,EH,PR,ALP
1.792871044,1.612827704,0.55203018,1.976920678,0.868003744,2.002276525
1.072615811,-1.424533019,-0.74123799,-1.087596257,-1.265758561,0.433761927
1.117640479,-1.624816033,-1.47937536,-0.503090299,-0.501501429,-0.45439629
1.261092344,-1.586443364,-1.057564938,-1.087596257,-0.907584193,-1.454985224
1.324741525,-1.624816033,-0.985904349,-0.413002038,-0.501501429,-0.45439629
1.153411049,-1.703416124,-1.28545291,-0.607769054,-0.907584193,-0.759372037
1.014791626,-1.817810713,-1.559701738,-0.607769054,-1.265758561,0.89448899
1.09104871,-1.784591075,-1.17987319,-1.087596257,-0.570789896,-1.322287127
1.122639021,-1.431657352,-1.042036036,-1.087596257,-0.725229283,-0.966905135
1.256867153,-0.239177257,-0.049576574,-1.375336814,-0.907584193,-0.759372037
1.251350891,-1.703416124,-1.006170469,-0.413002038,-1.422440464,-0.070492567
1.144000874,-1.624816033,-1.152784475,-0.886620636,-0.570789896,-1.548082129
1.053896774,-2.333624445,-1.584888878,-1.087596257,-1.847461061,-0.45439629
0.769459036,-3.537034013,-3.327352204,0.045985379,-0.375435119,-0.482889777
1.237119659,-1.075603086,-0.379304954,-0.732524401,-0.375435119,-1.197180008
1.165670257,-1.663801983,-1.163585959,-0.732524401,-0.907584193,-0.930848077
1.139794358,-1.868470291,-1.30251652,-1.87963184,-0.645089544,-1.852892163
1.288436793,-1.703495992,-1.36603193,-0.503090299,-0.317677902,-0.45439629
1.10794075,-2.04490416,-1.51616137,-1.375336814,-1.265758561,-0.601120212
0.657593428,-1.504185335,-1.912783089,-0.607769054,-0.645089544,-0.45439629
1.115193064,-1.703416124,-1.934094855,-0.732524401,-0.501501429,0.248464364
1.071872591,0.755839173,0.040900145,-0.142764831,-0.375435119,0.10643574
1.116029333,-0.541253331,-1.067970812,-0.263666195,-1.131185118,0.433761927
1.579107721,0.817928136,0.815014585,-0.607769054,-1.265758561,-0.215020633
1.236635044,0.285046905,0.817010288,-0.263666195,-0.262922144,-0.19015971
1.079653628,0.011773071,-0.168846177,-1.087596257,-0.907584193,-1.003591459
1.119070779,-0.588940503,-0.059524139,-0.413002038,-1.422440464,-1.117626451
1.688452449,0.875045171,1.410703735,-0.607769054,-0.501501429,0.085218061
1.474430985,0.86195459,0.46462025,-0.607769054,-0.210857502,-0.45439629
1.381931698,0.898986531,0.971984742,-0.263666195,-0.436562238,-0.240207327
1.264724019,0.052390283,0.431895583,-0.413002038,-0.262922144,-1.157034908
1.189137078,-0.46096777,-0.137492462,-0.200339483,-0.161220044,-0.45439629
1.316339842,0.052390283,-0.17940604,0.003854829,-0.375435119,0.042039209
1.195014496,0.211307153,0.215630062,-1.375336814,-0.436562238,-1.746698604
1.374002269,0.948978744,1.036706573,-1.087596257,-0.068351822,-0.631798784
1.284570638,0.39594771,0.596349241,0.085448981,0.424923892,-0.19015971
1.401670003,1.621886342,1.665407677,-0.333989343,-0.375435119,0.042039209
1.418955192,0.788346944,1.024693354,-0.090001187,-0.645089544,0.754317496
1.248209583,0.523565912,0.881394244,-0.333989343,-0.210857502,-0.344367539
1.276486436,-0.239177257,-0.470499274,0.157570278,-0.210857502,0.664255556
1.903078955,1.405475083,1.183770037,-0.142764831,-0.262922144,0.709882619
1.442565195,-0.555364521,-0.426407367,-0.333989343,-0.725229283,0.248464364
1.179161794,-0.199882399,-0.470499274,-0.200339483,0.272739955,-0.895401527
1.20966188,1.006951921,0.807004846,-0.333989343,-0.262922144,-0.759372037
1.130628577,-0.728061484,-0.544606489,-0.090001187,-0.210857502,-0.047439895
1.343710797,0.55014616,0.73292569,-0.200339483,-0.024755022,-0.19015971
1.211314696,-0.320492801,0.109112821,-0.607769054,-0.375435119,-1.548082129
1.275237572,0.060725557,0.198299698,0.280610441,0.304874009,-0.19015971
1.395098993,0.375782117,0.447078117,0.33397578,-0.317677902,0.783305121
1.403619683,0.602955451,0.525809007,0.731528289,0.304874009,0.248464364
1.023332658,-0.123868741,-0.251230709,0.850763123,1.096509372,0.569190867
1.223145667,-0.196001148,0.513750496,0.280610441,-0.068351822,0.324900031
1.375145361,0.270583251,0.266648183,0.383053418,0.39609038,-0.240207327
1.80071219,1.922567844,2.21890235,0.085448981,-0.113783382,-0.19015971
1.538490131,1.278228587,1.480768105,-0.263666195,-0.210857502,-0.45439629
1.675259937,1.656831933,1.477187163,0.280610441,0.36650021,0.248464364
1.042715357,-0.067204495,-0.438344519,0.003854829,0.239652166,-0.860547518
1.369705051,1.427922826,1.904491023,0.157570278,0.096432998,0.10643574
1.617949814,1.969193609,1.715214533,0.547287544,0.745493349,0.248464364
1.304835718,-0.259159572,0.518584488,0.222157049,0.096432998,0.042039209
1.158433794,0.211307153,1.017780929,0.19070789,0.39609038,0.042039209
1.494687948,0.255979526,0.61237481,0.280610441,0.424923892,-0.45439629
0.768986344,-2.23394438,-1.623095849,-0.503090299,-0.210857502,-0.966905135
0.658107272,-1.474862904,-1.174432734,-1.375336814,-0.024755022,-0.45439629
0.498958073,-2.452839214,-2.194361058,-0.333989343,-0.725229283,-0.759372037
0.565104505,-3.017319177,-3.118226225,-1.087596257,-0.501501429,-2.081050711
0.405143256,-1.368308323,-2.225537772,-0.886620636,-0.907584193,-1.117626451
0.892900059,-0.687227404,-0.901577426,-1.87963184,-1.422440464,-1.117626451
0.418927641,-2.009550857,-1.707676788,-0.886620636,-0.262922144,-1.596124531
1.162057601,-0.414398222,-0.569865777,-1.087596257,-1.422440464,-0.070492567
1.127084304,-0.541253331,-0.552994757,-1.087596257,-1.847461061,-1.409859274
0.890033177,-1.266445749,-1.856681437,-1.087596257,-1.422440464,0.679600511
0.87123941,-1.015513429,-1.540958499,-1.375336814,-1.422440464,-1.117626451
0.935141665,-0.844828704,-0.848522091,-1.375336814,-0.812267101,-1.078931168
0.914197512,-0.40565917,-0.647378662,-0.886620636,-1.847461061,-0.759372037
0.551290728,-1.20099239,-1.196263253,-1.87963184,-2.170655091,-2.081050711
0.70852713,-0.764489017,-0.896706062,-0.503090299,-1.610602394,1.143435643
0.799362217,-0.299813337,-1.047201724,-0.886620636,-1.422440464,1.143435643
0.993968226,-0.485833784,-0.591133475,-1.087596257,-1.847461061,0.148152241
1.053896774,-0.123868741,-0.059524139,-0.886620636,-0.570789896,-1.852892163
0.825655785,-1.648133065,-1.835912676,-1.87963184,-1.610602394,-1.852892163
1.014596818,-1.003694635,-1.591220993,-1.087596257,-0.812267101,-0.240207327
1.592453001,0.11788958,0.449595342,-1.087596257,-0.725229283,-0.759372037
1.204356947,-0.123868741,0.109112821,0.19070789,-0.068351822,0.433761927
1.428243738,0.180786408,0.559108986,-0.413002038,-1.131185118,-0.19015971
1.02526552,0.998606508,1.31428727,-1.87963184,-0.725229283,0.042039209
1.313927719,0.149653456,0.40370379,-0.413002038,-0.501501429,-0.662950018
1.365102766,0.788346944,0.988009212,-0.413002038,-0.068351822,-0.895401527
1.156877306,0.448382441,0.46462025,-0.886620636,0.096432998,-1.040926643
1.337965302,0.947229213,0.928334903,-1.087596257,-0.645089544,-0.631798784
1.283795817,-1.420978965,-0.970812327,-0.503090299,0.057513428,-0.19015971
1.128148698,-0.427584894,-0.367688381,-1.375336814,-0.645089544,-1.454985224
1.378567508,0.052390283,0.26385147,0.045985379,0.239652166,-0.45439629
1.263619953,0.571516863,1.048614639,-0.041319846,-0.210857502,-0.09383027
1.144525636,-1.075603086,-1.12064905,-1.087596257,-0.262922144,-1.117626451
1.267400867,-1.23348076,1.043523973,-0.263666195,0.424923892,-0.759372037
1.143650902,0.211004916,0.549663728,0.794146212,0.67904512,0.042039209
1.336783055,-0.951307846,-0.265899975,-1.375336814,-0.317677902,-0.291588647
1.255543562,-0.541253331,-0.086298618,0.428469573,0.48047619,0.754317496
1.4488547,0.991886294,1.572184554,0.67619761,1.030755016,-0.240207327
1.031622365,-0.957065019,-0.41848548,-1.087596257,0.057513428,-0.291588647
1.236473461,-0.199882399,-0.39098464,-0.090001187,0.39609038,-0.860547518
1.103785306,-0.687227404,-0.026559719,-1.87963184,-1.131185118,-1.548082129
1.271482707,-0.024614361,0.329787797,0.912216217,0.828574318,0.208999656
1.484156251,0.716498093,0.246979001,1.042427298,0.868003744,0.433761927
1.24211538,-0.279370279,0.204094807,0.564999934,0.701620137,-0.398612344
1.156877306,-0.639807313,0.15126809,0.19070789,0.608545949,-0.45439629
1.305596206,-0.362577637,0.021865111,-0.732524401,-0.570789896,-0.482889777
1.279913726,-0.637342976,0.537779778,0.359007982,0.134018596,-0.09383027
1.381411161,0.486478101,0.299871167,1.306202667,1.143562389,0.89448899
1.237119659,-1.266445749,-0.980863481,-0.333989343,-0.375435119,-0.19015971
1.750982851,1.566606611,2.069133599,1.026657825,0.978947438,0.754317496
1.398599145,-0.161455767,0.932024373,1.142213416,1.1280817,-0.047439895
1.664816019,0.981732029,1.469990608,1.478625115,1.610748352,1.143435643
1.617609502,1.566606611,1.926732884,1.325532977,1.682287307,0.724823981
1.484027166,0.299372504,1.260846418,1.026657825,0.67904512,1.060578233
1.080945594,-1.175337915,-1.419134922,-1.087596257,-0.501501429,-1.548082129
1.173260602,-0.180562373,-0.446339057,-1.375336814,-1.013033438,-1.799182955
1.06796316,0.149653456,-0.140952288,-0.041319846,0.134018596,-0.759372037
0.924713148,-0.687227404,-1.661823269,0.490793606,0.584053015,-0.45439629
0.774882813,-0.637342976,-1.877596293,0.30787433,-0.210857502,-0.759372037
1.243561679,1.006951921,0.587119397,-0.607769054,-1.265758561,0.754317496
0.963888001,-0.922755871,-1.898658731,0.003854829,-0.113783382,-0.19015971
0.77652909,-1.605553951,-1.057564938,-0.041319846,0.205549088,-0.45439629
0.933062874,-0.320492801,-1.371881149,-0.263666195,-0.907584193,0.248464364
0.924713148,-0.239177257,-1.268498273,-0.503090299,-1.265758561,0.569190867
1.072615811,-0.072605555,-0.700548013,-0.732524401,-0.317677902,-0.759372037
0.34224292,-1.474862904,-0.886992447,-1.87963184,-1.422440464,-2.02189717
1.063292514,-0.728113053,-1.22935564,-0.200339483,-0.436562238,0.433761927
1.126196578,-0.087093951,-0.27327349,-0.886620636,-0.645089544,-0.792548949
1.10016009,-0.396961422,-1.021478682,-0.041319846,-0.436562238,-0.19015971
0.788539009,-1.894181813,-0.970812327,0.850763123,-0.317677902,0.042039209
1.044427662,-0.40565917,-0.664966284,-0.142764831,-1.131185118,-0.45439629
1.001211218,1.245377587,1.058738861,-0.732524401,-0.812267101,-0.759372037
1.279913726,0.38657196,0.421697885,-1.87963184,-0.907584193,-0.759372037
0.966591524,-0.997809682,-1.078419602,-0.333989343,-1.013033438,-0.240207327
1.64023414,0.768230572,0.269440532,-1.375336814,-1.847461061,-0.45439629
0.965916194,-0.386146874,-1.503845091,-1.087596257,-1.131185118,-0.141386026
1.196019077,0.511312797,0.324386076,-1.087596257,-1.131185118,0.343511644
1.404871206,0.473893553,0.215630062,-1.087596257,-2.695546854,1.538871603
1.229015927,0.211307153,-0.406656591,-1.375336814,-1.422440464,-1.040926643
1.754643105,-0.015877426,-0.036390994,-1.87963184,-1.847461061,-0.482889777
1.322647021,0.473893553,0.169045971,-0.413002038,-1.013033438,0.228839222
1.726186167,1.608397798,1.105000386,1.026657825,0.205549088,1.35878572
2.192995143,2.143330713,1.949154753,1.167818833,-0.113783382,1.547782104
1.52814373,1.384576189,1.30322983,1.215842009,0.48047619,1.297229814
2.031397183,1.846238832,2.292875318,0.95892369,0.239652166,1.634080354
1.572725041,1.29362745,1.213976042,0.931348878,0.6325279,0.694808823
1.778437522,1.301239428,0.832879785,1.03459608,0.584053015,1.120195265
1.750883731,0.715494658,1.017780929,1.161523492,1.328635391,0.601465022
1.928579805,2.077941028,1.8574298,1.167818833,0.39609038,1.143435643
1.746711493,0.716498093,0.594046742,1.24393388,0.961164157,1.096612855
1.530616498,1.063716722,0.753869923,1.192332524,0.828574318,0.89448899
1.706982729,1.722556685,1.37726274,1.301265676,0.33611037,1.143435643
1.729434709,0.768230572,1.046919874,0.985255166,0.996468397,1.023722093
1.450054874,0.629168978,0.28886562,1.429430584,0.6325279,1.143435643
2.040243241,1.656831933,1.869631962,0.931348878,0.533438712,1.634080354
1.856593154,0.716498093,1.197451694,1.330264557,1.392954592,1.143435643
1.646794792,0.911683042,0.607812423,1.002171225,0.701620137,1.143435643
1.942718916,1.5176951,1.448119677,1.03459608,0.766824487,1.35878572
2.028550092,1.8189002,1.908366534,1.388432076,0.978947438,1.887422934
1.689825377,1.110181996,0.388128377,1.565701787,1.823165306,1.254798878
1.597788925,-0.215494509,0.297126176,1.24393388,0.961164157,1.023722093
1.893423979,1.566606611,0.858308358,1.677683527,1.866857611,1.348694569
1.963359314,2.12378743,2.476121024,1.348806166,1.682287307,0.907878862
2.136176398,-0.692285987,0.501603315,1.115416887,1.546001285,0.433761927
1.876408279,0.97217373,2.434185195,1.291261369,1.600187325,1.33853719
1.695612828,0.778328952,1.108244027,1.43337123,1.442093054,1.456215209
1.98529961,0.998606508,0.898470295,1.884417595,1.328635391,2.114362146
1.967289359,1.581698955,1.618273174,1.641004891,1.417768579,1.715621347
2.019508901,1.45092938,1.364141219,2.043061758,1.405424067,2.126269235
0.912083825,-0.015877426,-0.787290201,0.359007982,0.39609038,0.248464364
1.352200682,0.149653456,-0.000582751,-0.041319846,0.017156238,-0.930848077
1.343416878,-0.229270532,0.130309516,-0.413002038,-0.024755022,-0.45439629
1.252520018,-0.330922477,-0.532082664,-0.503090299,0.134018596,-1.117626451
1.184244636,-1.594069535,-1.383617683,-0.200339483,0.017156238,-1.454985224
0.804663652,-0.957065019,-0.466454061,-0.413002038,-0.210857502,-1.117626451
0.725735253,-1.54866954,-1.57857094,0.003854829,-0.068351822,-0.631798784
0.472777958,-1.403289324,-1.969952226,-0.090001187,-0.375435119,-0.45439629
1.244203893,-0.754013573,-0.37155359,-0.886620636,-0.317677902,-0.895401527
0.7889271,-1.474862904,-0.901577426,-0.732524401,-0.024755022,-1.365637036
1.09104871,-0.817695454,-0.039679089,-0.503090299,-0.210857502,-0.759372037
0.677236754,-2.04490416,-1.17987319,0.003854829,0.608545949,-1.117626451
0.929938222,-1.015513429,-1.042036036,-0.263666195,-0.501501429,-0.19015971
0.865327441,-2.416020129,-1.503845091,-0.333989343,0.304874009,-1.548082129
1.227388301,-1.236755638,-0.732134487,-0.886620636,-0.645089544,-1.322287127
1.053896774,-0.845101857,-0.877317462,0.045985379,-0.501501429,-0.141386026
0.995947811,-0.449773445,-0.782644463,-1.375336814,-1.265758561,-1.548082129
1.053393615,-1.648133065,-0.638635012,-0.607769054,-1.131185118,-0.45439629
0.656565157,-1.868470291,-2.178887137,0.757374664,0.096432998,0.89448899
1.463036996,0.11788958,-0.079570982,-1.375336814,-0.812267101,-1.548082129
0.766620328,-0.957065019,-1.17987319,0.157570278,0.48047619,-0.141386026
1.015570548,-0.279370279,-1.610302865,-0.503090299,-0.645089544,0.248464364
0.815430308,-1.54866954,-2.660636132,0.122557188,0.205549088,-1.279779698
1.229015927,0.425023944,-0.193571473,-0.886620636,-1.422440464,-1.117626451
0.70852713,-1.4388034,-2.537766752,1.101537114,0.39609038,0.867380311
0.892900059,-1.403289324,-1.073189827,-1.087596257,-0.645089544,-1.117626451
0.803973383,-0.928435294,-2.312879336,-0.732524401,-0.317677902,-0.792548949
0.675969856,-1.303270428,-1.78801217,-1.375336814,-0.210857502,0.042039209
0.661954892,-1.220428802,-1.754269511,-1.375336814,-1.013033438,-1.746698604
1.400693851,0.790340981,0.332482435,-0.503090299,-1.131185118,-0.19015971
1.020427629,-0.617739527,-1.021478682,-0.886620636,-0.262922144,-1.548082129
1.332585792,1.162009873,0.932024373,-0.732524401,-0.317677902,-0.371302245
1.072615811,-0.362577637,-0.76415197,-1.087596257,-1.847461061,1.739223809
0.890750504,-0.087093951,0.246979001,-0.732524401,-0.907584193,-0.860547518
1.299956365,0.363547226,-0.965801983,-1.375336814,-1.422440464,-1.96419322
1.268186976,-0.312507099,-0.207835654,-1.87963184,-1.422440464,-1.907877464
1.524920341,-0.320492801,-0.340825739,-1.087596257,-0.262922144,-0.759372037
1.291520211,-0.637342976,-0.116857535,-0.732524401,-1.265758561,0.248464364
1.237119659,-0.19794069,-0.276970026,-1.375336814,-1.013033438,-1.409859274
1.151674084,-0.637342976,0.209871566,-0.607769054,-1.131185118,-0.291588647
1.190483108,-0.087093951,0.115193545,-0.886620636,-0.210857502,-0.895401527
1.218394994,-0.341412818,-0.161836617,-0.263666195,-0.068351822,-0.19015971
0.933062874,-2.175828636,-1.51616137,-0.607769054,-1.422440464,0.248464364
1.109202584,-0.541253331,-0.000582751,-1.375336814,-1.131185118,-0.759372037
1.081867577,-1.54866954,-1.099446949,-1.087596257,-0.812267101,-0.826268829
1.423062927,0.368997622,-0.340825739,0.003854829,-0.161220044,-0.317799235
1.135220341,-0.371113079,0.340541573,-1.087596257,-0.907584193,-0.759372037
1.343416878,1.399779058,0.887108747,-0.200339483,-0.210857502,0.127412205
1.428923576,-0.142559042,-0.029831322,-0.886620636,-0.907584193,-0.265727382
1.248209583,-0.709965573,-0.687140824,0.817448829,0.943110155,0.248464364
1.412350213,-0.123868741,0.447078117,-0.503090299,-0.024755022,-0.826268829
0.981423356,-0.449773445,-0.042972708,-1.87963184,-2.170655091,-1.365637036
1.291674161,0.594874687,0.937540646,-0.090001187,0.017156238,-0.215020633
1.357147387,0.059061945,0.002640084,0.383053418,0.272739955,0.248464364
1.525789156,1.223787759,0.109112821,0.871969722,1.158846683,0.46861255
1.620441942,0.368997622,0.61237481,0.30787433,0.656020785,-0.45439629
1.596090649,0.445805882,0.528210151,-0.413002038,-0.317677902,-0.240207327
1.37147372,-0.362577637,-1.707676788,-1.87963184,-1.131185118,-1.409859274
1.48428532,0.133851583,0.459626836,0.993774593,1.112399232,0.601465022
1.292905004,0.149653456,0.513750496,0.731528289,1.112399232,-0.45439629
1.170640931,-0.687227404,0.444557134,-1.87963184,-1.610602394,-0.45439629
1.526161284,0.486478101,0.065989299,0.582205335,0.766824487,-0.45439629
1.217081012,0.355333362,0.356549163,0.615203546,0.170362893,0.343511644
1.314631792,-0.541253331,0.177871108,-0.607769054,-1.013033438,0.433761927
1.191659609,0.516227042,0.375040343,-0.090001187,0.057513428,-1.117626451
1.44390648,0.594874687,0.442032387,0.470723318,0.533438712,-0.047439895
1.336043512,1.154756494,0.889008569,0.359007982,0.424923892,0.208999656
1.329960638,0.69520693,1.192907445,0.19070789,0.533438712,0.168660502
1.717606764,1.712234094,1.47838209,0.861461973,-0.024755022,0.569190867
1.411936062,1.197553938,1.132319929,-0.142764831,-0.210857502,-0.19015971
1.333821926,-1.32701794,-0.356134431,-1.087596257,-0.725229283,-1.852892163
1.11781936,-0.362577637,1.372031717,-1.087596257,-1.422440464,-2.541797833
1.377000349,0.355333362,-0.458385907,0.280610441,-0.068351822,0.416075177
1.09104871,-1.118679997,-0.269583479,-1.375336814,-1.610602394,-0.371302245
1.044427662,-1.075603086,-0.295551158,-1.375336814,-1.610602394,-0.759372037
1.044427662,-2.313399181,-2.072656338,-0.886620636,-0.210857502,-1.157034908
1.239808236,-0.120155153,-0.000582751,-1.375336814,-0.907584193,-0.19015971
0.611065731,-0.687227404,-0.280673104,-0.886620636,-0.907584193,0.248464364
1.193505994,-1.266445749,-0.137492462,-1.087596257,-1.013033438,-2.081050711
1.381127127,-0.707539635,-0.211417244,-1.375336814,-1.013033438,-1.548082129
1.090682809,-0.738402037,0.005857565,-0.732524401,-1.265758561,0.502785871
1.380985083,0.247149203,0.171992384,-0.732524401,-1.610602394,-0.45439629
0.824523598,-0.458723524,-1.681385351,-0.607769054,-0.812267101,-0.759372037
1.914131717,1.465956608,0.917208717,-0.732524401,-0.161220044,0.754317496
0.994958415,-0.60801136,-0.269583479,-0.607769054,-0.375435119,-0.19015971
1.692354997,0.998606508,1.000346052,-1.375336814,-1.013033438,-0.930848077
1.0269382,-1.586443364,-1.419134922,-1.375336814,-0.725229283,-1.454985224
1.053896774,-1.389233633,-1.331200791,0.280610441,-0.262922144,0.754317496
1.283795817,-0.423178874,-0.414535344,-0.413002038,-0.645089544,0.248464364
1.115193064,1.313797538,1.473594682,-0.413002038,-1.422440464,0.754317496
1.160850908,-0.872324813,-0.079570982,-0.413002038,-1.131185118,-0.19015971
1.142950649,0.08547529,-0.882150139,-1.087596257,-0.436562238,-1.454985224
1.127084304,-0.279370279,-0.375425774,-0.142764831,-0.161220044,-0.317799235
1.377427978,0.409237034,0.462125397,-1.087596257,-1.131185118,-1.596124531
1.29490226,1.328663696,1.201979751,-0.333989343,-1.265758561,0.433761927
1.166357122,-1.226945291,-0.262222963,-0.263666195,-0.812267101,-1.548082129
1.109202584,-0.844828704,-0.137492462,-0.607769054,-1.265758561,-0.19015971
0.970164663,-1.20099239,-0.490837482,-0.732524401,-1.265758561,-1.548082129
1.435293177,0.327617414,0.227092591,-1.087596257,-1.265758561,-0.930848077
0.673432481,-1.23348076,-0.258552426,-0.607769054,-0.725229283,0.042039209
1.286582691,1.303763963,1.124343577,-0.732524401,-0.113783382,-0.601120212
1.09104871,-0.123868741,-0.57410334,-0.090001187,-0.725229283,0.569190867
1.239808236,-2.713039084,-1.246059877,-1.087596257,-1.265758561,-0.398612344
1.463036996,-0.687227404,-0.186476475,-0.503090299,-0.725229283,-0.759372037
1.134162282,0.498950684,0.9116129,-0.886620636,0.170362893,-0.759372037
1.195349453,-1.20099239,-0.233038585,-1.375336814,-0.570789896,0.042039209
1.063292514,-0.133188302,0.348563734,-0.142764831,-0.725229283,0.248464364
1.015570548,-0.40565917,-0.062851187,0.33397578,0.239652166,-0.19015971
0.803052455,-2.090930671,-2.102640583,0.661522923,0.701620137,0.433761927
1.109202584,-1.445971265,-0.60399056,-0.200339483,0.017156238,-0.45439629
1.033350322,0.224472088,-0.71854514,1.180206419,1.030755016,0.89448899
1.00462041,-1.826184225,-0.820066534,-0.607769054,-0.068351822,-0.631798784
0.696098435,-1.299897986,-0.92116058,-0.503090299,-0.024755022,-0.759372037
0.733042604,-1.015513429,-1.325439268,0.19070789,-0.024755022,0.042039209
0.87123941,-0.817695454,-0.700548013,-0.886620636,-0.068351822,-1.69539077
0.225260048,-1.266445749,-1.174432734,-0.607769054,-0.436562238,-1.548082129
0.739101487,-0.900191152,0.316252245,0.003854829,0.424923892,-0.895401527
1.106316429,-0.40565917,-0.190020896,0.003854829,-0.436562238,0.248464364
1.290750146,0.13702469,0.229946938,0.045985379,0.533438712,-0.759372037
0.857181258,-0.279370279,-0.096432975,-0.200339483,-0.068351822,-0.895401527
1.396500403,-0.042227874,-0.352296947,0.564999934,0.39609038,0.601465022
1.322647021,-0.957065019,-0.787290201,-0.607769054,-0.317677902,-0.759372037
1.109202584,-1.431657352,-1.754269511,-0.041319846,-0.068351822,0.433761927
0.844752706,-0.494958271,-0.561414463,-0.333989343,0.057513428,-0.45439629
1.344885691,0.521123939,-0.348466348,0.122557188,-0.262922144,0.754317496
1.245487241,-0.279370279,-0.523772254,-1.087596257,-0.812267101,-0.826268829
1.322647021,-0.215494509,-0.356134431,-0.886620636,-0.725229283,-1.117626451
1.116387554,-0.738402037,-0.519628628,-1.087596257,-0.436562238,-0.966905135
0.935141665,0.473893553,-0.046271866,-0.732524401,-0.645089544,-0.759372037
0.544611089,-0.618227216,-1.142028008,-0.200339483,-0.317677902,-0.19015971
1.229015927,-1.3475706,-0.916250081,-1.87963184,-0.068351822,-1.454985224
1.196019077,-0.279370279,-0.367688381,-1.375336814,-0.907584193,-1.548082129
0.976007813,-0.069002914,-0.182938195,-1.087596257,-1.422440464,-1.117626451
1.408847958,0.08547529,0.112155647,0.222157049,-0.113783382,0.148152241
1.588491034,0.149653456,0.932024373,0.529038086,0.584053015,0.042039209
1.299192049,0.180786408,0.57783637,0.529038086,0.33611037,0.042039209
1.239378487,0.211307153,0.93937464,-0.041319846,-0.436562238,-0.45439629
1.300261946,-0.087093951,0.084591417,1.128970773,1.354769034,0.343511644
1.461455801,0.571516863,-0.41848548,1.09447016,1.188846553,0.10643574
1.578164642,0.233806795,0.556752801,0.769887313,0.745493349,0.569190867
1.594079938,1.542489464,0.963002083,1.135630123,1.417768579,0.324900031
1.221509714,-0.051105204,0.57783637,1.192332524,1.477705081,0.248464364
1.188968715,1.147453773,1.503182868,1.180206419,1.367629902,0.433761927
1.4793696,0.803225306,1.036706573,1.232862048,1.143562389,0.633146962
1.61020782,-0.015877426,-0.27327349,0.383053418,0.787772358,-0.759372037
1.501947326,0.671376629,0.844670839,1.43337123,1.823165306,0.433761927
1.597557509,1.316291783,1.361499254,1.042427298,1.301931514,0.042039209
1.659280529,-0.123868741,0.442032387,1.296285492,1.702001762,0.248464364
1.669674809,0.211307153,0.846626848,1.42146568,1.652124928,0.536304726
1.489563646,-0.637342976,-0.356134431,0.97660938,1.246703823,0.042039209
1.483123131,-0.351964358,0.212753092,0.97660938,1.405424067,-0.19015971
1.689825377,0.9295895,0.817010288,1.530500716,1.81424442,0.89448899
1.632363921,0.837264218,0.668325012,1.723862489,2.360917529,0.811801935
1.686336511,0.893503706,1.119534368,1.03459608,1.047535613,0.839822384
1.763390837,0.888915499,0.698807764,1.632819051,2.211629848,0.754317496
1.623830417,0.409237034,0.858308358,1.375529127,1.981821997,0.569190867
1.804561674,0.486478101,0.109112821,1.589975918,2.250562352,0.867380311
1.867167474,0.523565912,0.235642159,1.513736891,1.832024205,1.143435643
1.846971831,0.255979526,0.501603315,2.146500146,2.905356427,1.33853719
1.031045835,0.08547529,0.798951773,0.871969722,0.961164157,0.248464364
0.953014855,-0.738402037,0.078410971,0.280610441,0.533438712,-0.45439629
1.755334022,0.964608132,1.441968408,0.731528289,0.507265232,0.85365832
1.281157446,1.768522829,2.117894961,1.180206419,1.392954592,0.89448899
1.35801804,0.11788958,0.454618555,1.215842009,0.787772358,1.143435643
1.567256475,0.673561068,0.867972069,1.108518692,0.924776615,0.783305121
1.387782508,0.461195516,0.227092591,1.275917621,1.013735043,1.143435643
1.340473406,0.891670523,0.244151466,0.902410401,0.36650021,1.023722093
1.725270554,1.658541279,1.014311596,1.180206419,0.887233402,1.023722093
1.559599373,1.38248426,1.573279612,1.286192543,0.887233402,1.35878572
2.127700183,0.87131939,1.095221493,1.018609631,0.584053015,1.378772351
1.631245215,0.689829063,0.321678975,1.362325175,1.652124928,1.023722093
1.652399828,1.455140131,1.937269366,1.296285492,1.203571862,1.023722093
1.477812519,0.617834845,-0.705034296,1.503432281,1.288357433,1.036100784
1.417582472,0.456084179,0.794908879,1.448863821,0.848454509,1.33853719
1.636046842,1.031628815,1.051997815,0.78214107,0.906154277,0.601465022
1.670320855,1.251203224,1.140247903,1.503432281,1.188846553,1.35878572
1.834712628,1.754435246,1.839229998,1.101537114,0.828574318,1.547782104
1.667842059,1.399779058,1.77164485,0.95892369,1.260747316,0.89448899
1.919607913,1.714628117,1.938017057,1.344227245,0.745493349,1.65075405
1.693722498,1.612872788,1.311532382,1.344227245,1.17393975,1.254798878
1.738212091,1.303763963,0.753869923,0.967833517,0.808351163,1.35878572
2.045134631,1.656831933,1.811232876,1.520502791,1.288357433,1.35878572
1.708847703,1.695272784,0.844670839,1.002171225,0.745493349,1.297229814
1.949865596,1.425145896,1.157521227,0.985255166,0.507265232,1.254798878
1.173715599,-0.029000213,0.198299698,0.045985379,0.205549088,-0.45439629
1.111002892,-0.135058342,-0.647378662,-1.375336814,-0.317677902,-0.511797963
1.289516948,0.631424288,1.390238808,0.490793606,0.453040326,-0.165617211
1.040619261,-0.817695454,0.411438763,-0.333989343,-0.375435119,-1.117626451
1.164467274,0.035589683,-0.30302987,0.122557188,0.48047619,-0.45439629
1.459079607,0.448382441,0.681462161,-0.333989343,-0.570789896,-0.601120212
1.415520125,1.794848319,1.807780916,0.510218738,0.017156238,0.569190867
1.336635186,0.226343595,0.614651126,-0.142764831,0.057513428,-1.078931168
1.127084304,-0.199882399,0.937540646,-0.503090299,-0.210857502,-0.759372037
1.399716823,0.69520693,-0.57834887,-0.041319846,-0.161220044,-1.078931168
1.21313007,0.814024368,0.454618555,0.470723318,0.272739955,0.601465022
1.206017351,-0.161455767,0.209871566,-0.090001187,0.36650021,-0.694586889
1.471822459,1.284673357,1.201979751,0.157570278,0.272739955,-0.570901821
1.237119659,0.327617414,0.743433788,-0.142764831,0.33611037,-0.826268829
1.081867577,-0.001993973,0.318967701,0.428469573,0.453040326,-0.070492567
1.21757393,0.052390283,-0.182938195,0.449964567,-0.024755022,0.633146962
1.299039124,1.233286097,1.29626731,0.252078293,0.48047619,0.127412205
1.416483042,1.197553938,1.046919874,0.122557188,0.134018596,0.042039209
1.111902027,0.498950684,1.046919874,0.406185443,1.013735043,-0.759372037
0.992977241,0.124293753,0.679280298,0.428469573,0.766824487,-0.759372037
1.09104871,-1.137404524,-0.494927692,0.470723318,0.943110155,-1.117626451
1.3022462,-0.051105204,0.537779778,0.003854829,0.304874009,-1.117626451
1.278201378,0.651551516,0.533001939,0.529038086,0.656020785,-0.45439629
1.338112994,0.705896298,0.607812423,0.646478384,0.017156238,1.143435643
0.465419107,1.352951358,2.060164045,-0.263666195,0.170362893,-1.322287127
1.576039536,1.542440561,1.005599742,0.428469573,0.134018596,0.398210008
1.274612624,0.606403833,0.252620783,0.882292936,0.584053015,0.754317496
1.348841788,-0.513340779,0.313532598,0.19070789,1.17393975,-1.238086343
1.539959823,0.837264218,0.722344911,0.731528289,0.017156238,0.880989998
1.217409648,0.486478101,0.340541573,0.828764056,0.559025647,0.433761927
1.567494845,1.190539887,0.904117596,0.731528289,0.39609038,0.754317496
1.354822284,0.344309498,-0.211417244,0.839866251,0.36650021,0.811801935
1.34517922,0.180786408,0.177871108,-0.732524401,-0.375435119,-0.19015971
1.261092344,0.270583251,0.14828844,-0.413002038,-0.262922144,0.228839222
1.38013243,0.53571147,1.043523973,-1.87963184,-1.131185118,-0.759372037
1.586309282,1.197553938,1.282221625,-0.732524401,-1.013033438,0.754317496
1.182552814,0.08547529,0.121254602,-0.732524401,-0.725229283,-0.541131595
1.162057601,-0.303097819,-0.127148508,-1.375336814,-1.131185118,-0.240207327
1.439608458,-0.105381481,0.227092591,-1.087596257,-0.317677902,-1.117626451
1.603327186,0.804210921,0.681462161,-1.087596257,-0.570789896,-0.792548949
1.156011699,-0.036924144,-0.151367499,-1.087596257,-1.265758561,0.248464364
1.505621569,-0.105381481,0.136321808,-1.375336814,-1.131185118,-1.548082129
1.109202584,-0.40565917,0.044054369,-0.142764831,-0.725229283,0.042039209
1.362361029,0.38253515,0.261050383,-1.375336814,-2.170655091,1.04838575
1.148715352,-0.567203867,-0.137492462,-1.087596257,-0.262922144,-1.548082129
1.09104871,0.559685564,0.54729384,-0.886620636,-1.422440464,0.248464364
1.218394994,1.24129668,0.758024387,-1.087596257,-1.265758561,0.248464364
1.422789563,-0.46771673,0.657292535,-1.87963184,-1.610602394,-2.081050711
1.40041479,0.741591512,0.25543505,-1.087596257,-0.907584193,-0.966905135
1.063292514,-1.076212507,-2.013547351,0.406185443,-0.161220044,0.679600511
0.948570434,-0.588700302,-1.774468379,-0.732524401,-0.501501429,-0.631798784
1.436373621,0.964608132,0.380287473,-1.87963184,-0.907584193,-0.541131595
1.063292514,-0.445537175,-0.6916013,-0.041319846,-0.317677902,0.042039209
1.003441373,0.149653456,0.044054369,-0.333989343,-0.907584193,-0.047439895
1.10016009,0.211307153,0.356549163,-0.503090299,-0.907584193,-0.631798784
1.117282635,-1.075603086,-1.623095849,-0.503090299,0.057513428,-1.040926643
1.364526125,-0.687227404,-0.454362925,-1.087596257,-1.013033438,-1.117626451
1.268972542,-0.015877426,-0.527923592,0.045985379,-0.907584193,0.754317496
1.118892086,-0.362577637,-0.123712316,-0.732524401,-0.645089544,-0.19015971
1.402088086,-0.123868741,0.065989299,-1.375336814,-1.422440464,-1.645213798
1.119963845,-1.54866954,-1.088911561,-1.375336814,-1.847461061,-2.470397176
1.127084304,-1.533724538,-1.319690117,-0.607769054,-1.265758561,0.601465022
1.179161794,-1.137404524,-1.001088482,-1.375336814,-1.422440464,-0.759372037
1.254748669,-1.60939419,-1.473291599,-1.087596257,-1.610602394,-1.548082129
1.118177043,-0.738402037,-1.001088482,-0.607769054,-1.422440464,-0.759372037
1.237119659,-0.900191152,-1.042036036,-1.87963184,-1.422440464,-1.117626451
0.885360663,-0.647219007,-0.750376873,-1.087596257,-1.422440464,0.825870826
0.923455895,-0.957065019,-0.76415197,-0.732524401,-1.013033438,0.601465022
0.803973383,0.027123674,-0.950831527,-0.886620636,-0.812267101,-0.317799235
0.780752908,-2.333624445,-2.89159175,0.359007982,-0.317677902,1.35878572
1.127084304,-0.199882399,-0.470499274,-1.87963184,-1.265758561,-1.96419322
2.13900397,1.367239534,1.304617551,-1.375336814,-2.695546854,1.143435643
1.015375864,-1.403289324,-1.584888878,-0.503090299,-1.265758561,0.248464364
0.986017994,-1.518872233,-1.17987319,-0.142764831,-0.375435119,-0.631798784
0.745132794,-0.712650318,-1.152784475,-1.87963184,-2.170655091,-1.548082129
1.127084304,-0.637342976,-0.945861469,-1.87963184,-1.422440464,0.042039209
0.849205283,-0.637342976,-1.46722122,-1.375336814,-1.847461061,-2.470397176
0.819226933,-0.687227404,-0.76415197,-1.87963184,-1.013033438,-2.932961109
1.109202584,-1.266445749,-1.443072689,-0.607769054,-1.422440464,0.89448899
0.955742042,-1.679571406,-1.49770737,-1.087596257,-2.695546854,2.394016238
1.475472605,1.455247848,0.9116129,-0.732524401,-1.265758561,0.248464364
1.027002488,0.11788958,0.059747882,-1.087596257,-0.501501429,-0.759372037
1.031045835,-1.030379289,-0.470499274,-1.087596257,-1.847461061,0.825870826
1.25315722,0.270583251,-0.240296287,-1.087596257,-1.131185118,-0.759372037
1.149063824,0.069017928,-0.891844412,-1.375336814,-2.695546854,0.89448899
1.238733562,0.778328952,0.395933738,-1.375336814,-2.170655091,1.556639986
1.170640931,0.837264218,0.340541573,-1.087596257,-1.131185118,-0.45439629
1.250499864,0.285046905,-0.190020896,-0.732524401,-0.907584193,-1.409859274
1.058603757,-0.355141835,-0.660556781,-0.732524401,-0.725229283,-1.645213798
1.245166539,0.052390283,-0.352296947,-1.087596257,-0.725229283,-1.117626451
1.587089015,0.673561068,0.258244913,-1.375336814,-1.422440464,0.042039209
1.679748121,0.573870836,0.591740939,-0.607769054,-1.013033438,-0.19015971
1.178312497,-0.449773445,-0.254888346,-1.87963184,-1.265758561,-0.759372037
1.063292514,-0.033397719,-0.591133475,-0.200339483,-0.317677902,-0.19015971
0.970972251,-1.015513429,-1.395405275,-0.503090299,-0.725229283,-0.511797963
1.117282635,-0.279370279,-0.172360047,-1.87963184,-0.725229283,-0.601120212
1.333821926,-0.449773445,-0.200691158,-1.375336814,-1.013033438,-1.548082129
1.072615811,-0.637342976,-1.011262811,-0.607769054,-0.113783382,-0.759372037
0.832428174,-1.087824104,-1.026602273,-1.087596257,-0.907584193,-1.548082129
1.284725539,-0.738402037,-0.591133475,-1.087596257,-0.501501429,-1.365637036
0.527488408,-1.361444261,-2.132916695,-0.333989343,-0.024755022,-0.141386026
1.152832345,-1.137404524,-0.540424092,-0.886620636,-1.013033438,-0.344367539
1.204356947,-1.240035293,-0.379304954,-0.732524401,-0.262922144,-0.966905135
1.023332658,-0.612869352,-0.629924557,-0.142764831,-0.436562238,-1.117626451
1.109202584,-0.180562373,-0.010283508,-0.886620636,-1.265758561,-0.759372037
0.976007813,-0.866796212,-0.41848548,-1.087596257,0.057513428,-1.548082129
1.104689894,-0.957093844,-0.714032835,-0.200339483,0.096432998,-0.759372037
0.897188283,-0.46771673,-0.727595942,-0.142764831,0.134018596,-0.19015971
0.952468702,-0.856057807,-0.280673104,-0.503090299,0.170362893,-1.279779698
0.523245622,-2.879683329,-1.218278254,0.470723318,-0.113783382,0.973244374
0.965916194,-1.403289324,-1.22935564,-0.041319846,0.272739955,-0.19015971
1.728420706,1.61291787,1.342838328,0.871969722,0.656020785,1.33853719
1.463036996,-0.151981387,-0.17940604,0.967833517,-0.068351822,1.254798878
1.053896774,-0.541722028,-1.20174962,-1.87963184,-0.812267101,-0.826268829
1.09104871,-0.806942141,-1.371881149,-1.87963184,-1.847461061,-0.895401527
1.34957285,0.211307153,0.335172938,0.470723318,0.848454509,0.127412205
1.739917961,1.487006841,1.538799496,0.582205335,0.33611037,0.960377559
1.714730094,1.047787058,0.525809007,0.564999934,0.304874009,1.276158137
1.125308188,0.53571147,-1.169003668,-0.263666195,0.205549088,-0.240207327
1.439069994,0.052390283,0.174934093,-0.413002038,-0.501501429,-0.45439629
1.143825901,-0.362577637,-0.154851196,-0.333989343,-1.422440464,0.633146962
1.291520211,-0.015877426,-0.402727937,-0.886620636,-0.570789896,-1.078931168
1.31513443,-0.557726545,-0.158340897,-1.087596257,0.017156238,-0.240207327
1.24211538,-0.123868741,-0.612602511,0.157570278,-0.024755022,0.228839222
1.118177043,-0.637342976,-0.886992447,0.003854829,-0.210857502,-0.19015971
0.763063306,-0.320492801,0.395933738,-1.87963184,-0.570789896,-1.799182955
0.989999505,-1.54866954,-2.797367293,-0.503090299,-0.645089544,-0.19015971
1.07539881,-1.868470291,-2.435915594,0.252078293,-0.436562238,0.754317496
1.351471354,-0.058241289,-0.093049117,-0.503090299,-0.436562238,-0.726722884
1.036798909,0.615556433,0.348563734,0.157570278,0.304874009,-0.240207327
1.042524952,-1.063450527,-0.664966284,-1.375336814,-0.262922144,-0.860547518
1.003834511,-1.075603086,-0.911349407,-1.087596257,-0.436562238,-0.759372037
1.042524952,-2.333624445,-1.822147273,-0.732524401,-0.907584193,-1.548082129
1.034884231,-0.69735752,-0.638635012,-0.886620636,-0.113783382,-1.117626451
0.97480114,-1.445971265,-1.86363675,-0.886620636,-0.907584193,-1.117626451
0.772920263,-1.54866954,-0.94090141,-1.87963184,-0.645089544,-1.746698604
0.900394966,-1.75180402,-1.835912676,-1.87963184,-0.210857502,-1.645213798
1.053896774,-0.957065019,-0.782644463,-1.087596257,-1.265758561,-0.45439629
1.433670473,-0.051105204,0.056619486,0.564999934,0.608545949,0.042039209
1.508274233,0.070562215,0.229946938,0.861461973,0.924776615,0.248464364
1.296282905,0.486478101,0.235642159,1.180206419,1.274630587,0.569190867
1.378425131,-0.200076689,0.171992384,1.026657825,0.924776615,0.754317496
1.406676421,-0.271258338,0.40370379,0.967833517,0.6325279,0.89448899
1.607690335,0.9295895,0.619194036,1.22157175,0.906154277,0.947409039
1.541305217,0.270583251,-0.079570982,1.026657825,1.188846553,0.287087458
1.393133989,0.980030954,0.46462025,1.09447016,0.808351163,0.89448899
1.715861226,0.856300917,0.905995101,1.080071777,0.808351163,0.89448899
1.538857749,-0.180562373,0.171992384,0.949875839,1.030755016,0.694808823
1.563435037,0.211307153,-0.60399056,1.485825494,1.682287307,0.754317496
1.514814023,0.53571147,0.335172938,1.281078229,1.260747316,0.754317496
1.605855505,1.298835212,0.452108819,1.388432076,1.096509372,1.143435643
1.608033997,0.716498093,0.554393201,1.441170797,1.600187325,0.89448899
1.559599373,-0.351964358,0.177871108,1.375529127,1.600187325,1.023722093
1.641490622,0.856300917,1.239094887,1.425462195,1.328635391,1.254798878
1.66102047,1.465956608,0.359202853,1.371161929,0.868003744,1.35878572
1.723028755,0.981732029,1.183770037,1.311097193,0.848454509,1.254798878
1.629676935,1.469569429,0.735033101,1.330264557,1.805260626,0.973244374
1.796469027,1.474269221,1.255083197,1.801975671,1.512322255,1.547782104
1.776509278,1.095856484,0.694489494,1.685236628,1.832024205,1.254798878
1.977504079,1.162009873,0.87181966,1.934229165,1.849559616,1.65075405
1.940943479,1.015237009,1.051997815,1.65438499,1.711744698,1.547782104
1.650242131,0.422404823,1.428317206,1.296285492,0.33611037,1.474977267
1.791573686,-0.560091487,1.838394021,0.850763123,-0.068351822,1.715621347
1.839057857,2.101295928,2.006880422,1.441170797,1.188846553,1.446746683
1.871886652,1.68624387,1.575466345,1.746697523,1.203571862,1.715621347
2.219277204,-0.042227874,1.312910612,1.002171225,0.507265232,1.529907931
1.879352738,2.202173713,2.050439446,1.789704648,0.943110155,1.792848244
2.124898885,2.419599154,2.208411219,1.392668465,0.39609038,2.114362146
2.018325844,2.606040509,2.602017647,1.65438499,0.533438712,2.03433576
2.104820481,1.786900156,2.161455458,1.659647849,0.996468397,1.866147372
2.568570736,2.613384926,2.346205196,1.670025822,0.67904512,2.531754692
2.085754131,2.162245065,2.535016559,1.624510641,0.39609038,2.239909879
2.83017096,2.591874617,2.542400939,1.904893765,0.205549088,2.966925348
2.123919457,1.753499062,2.123258044,2.147567695,1.203571862,2.126269235
2.146475867,1.815411065,2.200973649,2.094928898,0.36650021,2.040659543
2.061756477,2.430603022,2.794818946,1.46020971,0.745493349,1.866147372
2.351196977,2.352361227,2.239424088,1.90321658,1.013735043,2.478425073
1.916625011,1.635162699,1.622458826,1.742205685,1.417768579,1.792848244
2.384477372,2.43194448,2.45428348,1.281078229,-0.024755022,2.369556801
2.123527362,2.091543195,2.093590998,1.503432281,0.272739955,1.908384142
2.381380399,1.969193609,2.031295329,1.697600122,0.828574318,1.935857359
1.968934794,1.405475083,2.198298393,1.392668465,0.6325279,1.754748697
1.602175866,1.015237009,0.776579593,0.003854829,-0.024755022,-0.024666183
2.282606239,1.925576379,2.055640743,-0.200339483,0.057513428,0.248464364
1.202361317,0.211307153,-0.123712316,-0.090001187,0.239652166,-0.570901821
1.394397613,0.598574768,-0.172360047,0.359007982,0.304874009,0.248464364
1.190987468,0.211307153,-0.745802996,0.33397578,0.33611037,0.248464364
1.533083413,-0.087093951,0.072210296,-0.607769054,-0.317677902,-0.570901821
1.196019077,0.716498093,0.454618555,-0.090001187,-0.375435119,0.042039209
1.379563626,0.727013392,0.508902317,-1.087596257,-0.436562238,-0.45439629
1.169785422,-0.123868741,-0.92116058,0.383053418,-0.210857502,0.89448899
1.350741546,0.629168978,0.069102344,-0.200339483,-0.436562238,-0.601120212
1.081867577,-0.239177257,-1.196263253,-0.142764831,-0.210857502,0.188941508
1.665140679,0.327617414,0.537779778,-0.886620636,-0.436562238,-0.45439629
1.072615811,-0.279370279,-1.808445719,-0.142764831,-0.436562238,-0.19015971
1.73777678,0.893503706,0.78271426,-0.732524401,-0.645089544,-0.45439629
1.372428573,0.544198197,0.154242959,-0.263666195,-1.131185118,0.536304726
1.10016009,-0.087093951,-0.970812327,-1.087596257,-0.570789896,-0.19015971
1.219215473,0.160620782,0.044054369,-1.375336814,-0.812267101,-1.197180008
1.380985083,-0.362577637,-0.569865777,-1.375336814,-1.013033438,-0.317799235
0.935141665,-0.733225081,-0.430379156,-1.87963184,-0.725229283,-1.279779698
1.652728559,0.39594771,-1.701081425,1.215842009,1.672313255,1.0846906
1.733379228,1.656831933,2.12028325,1.353348416,1.589536447,1.143435643
1.841132788,0.867582128,0.530607792,1.707295372,1.682287307,1.634080354
1.590823465,0.409237034,0.489366521,0.993774593,1.17393975,0.433761927
1.576039536,-0.239177257,0.277791498,0.67619761,1.1280817,0.042039209
1.592104034,-0.029878781,-0.140952288,1.010448479,1.274630587,0.601465022
1.496985791,0.299372504,-0.379304954,0.97660938,1.080406267,0.601465022
1.172008447,-0.817695454,0.093824369,0.731528289,0.828574318,0.433761927
1.659062822,0.39594771,0.218502486,0.985255166,1.274630587,0.36193156
1.415520125,-0.042231416,-0.540424092,1.101537114,1.367629902,0.248464364
1.622137602,0.640407464,-0.352296947,1.26014965,1.301931514,0.89448899
1.704802426,0.794319555,-0.000582751,1.174045999,0.6325279,1.143435643
1.337522107,0.478940905,-0.023293588,0.871969722,1.143562389,0.26787913
1.596862944,0.716498093,0.056619486,1.210054389,1.030755016,1.120195265
1.453248778,0.11788958,0.484446497,1.249390427,1.367629902,0.433761927
1.612605055,0.211307153,0.395933738,0.871969722,0.656020785,0.754317496
1.507895691,0.285046905,0.280566491,1.135630123,1.232496168,0.552825567
1.73489209,1.197553938,0.858308358,0.598931387,0.533438712,1.200096132
1.491616352,0.727013392,-0.099822591,0.940685716,1.405424067,0.042039209
1.593034348,0.101764986,-0.310535218,0.985255166,1.080406267,0.416075177
1.289208438,-0.485833784,0.012276517,0.598931387,0.533438712,0.248464364
1.814719918,0.911683042,0.561461762,0.547287544,0.533438712,0.46861255
1.480147284,-0.550649202,-0.116857535,0.470723318,0.924776615,-0.45439629
1.350449487,0.486478101,0.244151466,0.69051983,0.72376389,0.248464364
1.465535768,0.415836016,0.093824369,0.598931387,0.906154277,-0.19015971
1.231128403,-0.343096938,-0.325626376,0.69051983,0.33611037,-0.19015971
1.169956573,-0.105381481,-0.629924557,0.757374664,0.33611037,0.324900031
1.223145667,-0.138804578,-0.862876935,0.598931387,0.887233402,-0.19015971
1.237119659,0.174609382,0.065989299,0.383053418,0.36650021,-0.291588647
1.150514683,-0.772381474,0.112155647,0.428469573,0.453040326,0.042039209
1.187620932,-0.239177257,-0.344642618,0.805912421,0.996468397,0.042039209
1.195851707,-0.123497018,-0.127148508,0.510218738,0.39609038,0.228839222
1.042905732,-0.320492801,-0.000582751,0.359007982,0.559025647,-0.19015971
1.423746035,0.018613398,0.655076707,-0.413002038,-0.210857502,-0.759372037
1.201695343,-0.161455767,0.447078117,0.718170553,1.380357464,0.042039209
1.135337844,-1.868470291,-1.835912676,0.359007982,0.48047619,-0.398612344
0.948775909,-1.333848418,-1.714287236,0.428469573,1.546001285,0.020067741
1.195684313,-0.678591999,-0.082931949,0.882292936,1.143562389,-0.19015971
1.179501339,-0.320492801,-0.161836617,0.757374664,0.868003744,0.042039209
1.245166539,-0.485833784,-1.389505077,0.449964567,0.559025647,-0.19015971
1.095977463,-0.142559042,-0.714032835,0.882292936,0.868003744,0.287087458
1.208503501,0.473893553,-0.599696775,0.383053418,0.096432998,0.433761927
1.161195804,-0.239177257,0.133318086,0.769887313,0.67904512,0.248464364
1.18660907,0.255979526,0.318967701,0.406185443,0.057513428,0.569190867
1.250765878,-0.738402037,-1.461164182,0.892437853,1.096509372,-0.19015971
1.229503767,0.11788958,-0.076215703,0.33397578,-0.024755022,-0.09383027
1.12121301,0.211301109,-0.120281996,0.383053418,0.559025647,-0.45439629
1.053896774,0.564430413,0.444557134,0.280610441,0.33611037,-0.759372037
1.10016009,0.511312797,-0.036390994,-0.090001187,0.205549088,-0.601120212
1.09104871,-0.738402037,-1.062762527,0.582205335,0.170362893,0.042039209
0.962872664,-0.991940934,-0.454362925,-0.041319846,0.096432998,0.30609318
1.082788854,0.355333362,-0.000582751,0.529038086,0.559025647,-0.265727382
0.802130875,-0.682206917,0.180803441,0.510218738,0.453040326,-0.265727382
1.121747965,-0.320492801,-0.168846177,0.631045302,0.304874009,0.569190867
0.965105313,0.052390283,0.218502486,-0.263666195,0.272739955,-1.197180008
1.062918081,-0.320492801,-0.829514321,-0.503090299,-0.317677902,-0.19015971
1.127084304,0.008342143,0.118226526,0.122557188,-0.113783382,-0.45439629
0.792414747,-0.097127571,0.364498104,-0.413002038,0.017156238,-0.45439629
0.614606436,-1.403289324,-0.834252199,-0.607769054,-0.210857502,-0.759372037
0.979620803,-0.60801136,-0.348466348,0.122557188,0.48047619,-0.759372037
1.127084304,-0.662127001,-0.673810625,0.157570278,0.017156238,-0.240207327
0.949460584,-0.279370279,-0.076215703,-0.041319846,-0.436562238,-0.601120212
1.088362846,-0.588700302,0.212753092,-1.087596257,-0.317677902,-1.197180008
0.878500608,-1.20099239,-1.473291599,-0.413002038,-0.436562238,-0.570901821
1.160333373,0.08547529,-0.565636158,0.157570278,0.170362893,-0.19015971
0.98668247,-1.784591075,-1.534738535,-0.333989343,0.239652166,-1.548082129
1.141724204,-0.061820806,-0.379304954,0.19070789,-0.113783382,-0.45439629
1.646353849,1.566606611,1.162192433,1.002171225,0.848454509,0.89448899
1.828582948,2.42950246,2.160326439,0.69051983,0.36650021,1.715621347
1.445781466,1.102572298,0.189572449,0.704505774,0.424923892,0.89448899
1.627207547,1.154756494,0.327089013,0.949875839,0.559025647,1.547782104
1.157396364,-0.161455767,-1.342761112,0.882292936,0.67904512,0.601465022
1.44310191,0.716498093,0.26385147,0.718170553,0.39609038,1.143435643
1.796185472,0.180786408,0.501603315,0.045985379,0.656020785,-0.930848077
1.157742276,-0.494958271,-0.608292465,-0.090001187,0.134018596,-0.511797963
1.409032569,0.788346944,-0.634275646,0.993774593,0.828574318,1.120195265
1.863216282,1.656831933,1.715214533,0.157570278,0.205549088,0.783305121
1.513810552,0.716498093,-0.14441806,0.449964567,0.745493349,0.248464364
1.084629293,-1.124592164,-1.115332027,0.045985379,-0.161220044,-0.070492567
0.993968226,-0.844828704,-0.507243822,-1.375336814,-0.570789896,-1.117626451
1.127084304,-0.900191152,-1.17987319,-0.732524401,-0.262922144,-1.279779698
1.52069007,1.063716722,0.554393201,0.045985379,0.584053015,-0.215020633
1.235341739,-0.170982616,-0.950831527,0.490793606,0.017156238,0.724823981
1.281985833,-0.541253331,-0.35997882,-0.732524401,-0.113783382,-1.548082129
1.020427629,-1.4388034,-0.696070355,-0.732524401,-0.210857502,-0.966905135
1.127084304,-0.712650318,-0.39489198,-1.87963184,-0.570789896,-0.930848077
1.429602986,0.409237034,0.139320694,-0.263666195,-0.210857502,-0.19015971
1.668669012,0.540539896,0.157213057,-0.263666195,-0.024755022,-0.759372037
0.976007813,-1.474862904,-1.325439268,-0.333989343,-0.024755022,-0.215020633
1.127084304,-0.844828704,-0.548796704,-0.413002038,-0.113783382,-1.117626451
1.072615811,-0.790917888,-0.367688381,-1.375336814,-0.570789896,-1.197180008
1.489049846,-0.303930186,-0.599696775,-0.886620636,-0.725229283,-0.240207327
1.313776788,-0.033397719,0.449595342,-0.200339483,0.272739955,-2.081050711
1.276954405,-0.541253331,-0.036390994,-0.886620636,-1.847461061,-0.002165542
1.241150164,-0.339309872,0.10301234,-0.886620636,-0.262922144,-0.759372037
1.158260953,-1.955192029,-1.073189827,-0.732524401,-0.161220044,-1.645213798
1.436373621,-0.971526965,-1.257255228,-1.087596257,-0.501501429,-1.96419322
1.275862176,-0.363855405,-0.569865777,0.490793606,0.533438712,-0.19015971
1.058791656,0.486478101,1.204989502,-0.886620636,-0.068351822,-1.548082129
1.173488122,-1.075603086,-0.086298618,-0.607769054,0.134018596,-1.69539077
1.134515074,-0.527245798,-0.430379156,-0.041319846,0.39609038,-0.826268829
1.462905319,-0.320492801,0.308080693,-1.87963184,-0.161220044,-1.040926643
1.439743032,-0.687227404,-0.877317462,-0.413002038,-0.501501429,0.188941508
1.304531379,-0.254944472,-0.759551334,0.921860671,1.274630587,1.297229814
1.30255116,0.221848129,-0.723066168,1.401047162,1.997438732,0.724823981
1.472127117,-0.687227404,-0.013527887,-1.087596257,-0.570789896,-1.365637036
1.329514242,-1.137404524,-0.318067341,-1.375336814,-1.422440464,-0.45439629
1.434211646,-0.239177257,0.009069705,-0.090001187,0.48047619,-1.501047914
1.154451999,-0.617739527,-0.056202697,-0.886620636,-0.317677902,-2.081050711
1.20966188,-0.738402037,-0.182938195,-1.375336814,-0.161220044,-1.596124531
1.249861178,-0.588700302,-0.39098464,-1.87963184,-0.317677902,-1.454985224
1.260934182,-0.588700302,-0.820066534,0.157570278,0.848454509,-1.238086343
1.266614213,-0.396961422,-0.079570982,-0.503090299,-0.210857502,-1.197180008
1.219543501,-1.015513429,0.687989472,-0.200339483,0.057513428,-1.645213798
1.394958753,-1.075603086,-0.478612069,-1.87963184,-2.170655091,-0.19015971
1.463036996,-0.900191152,-0.207835654,-0.886620636,-0.570789896,-1.548082129
1.407092583,-0.717774154,-0.193571473,-1.087596257,-1.131185118,-0.694586889
1.345032465,-1.075603086,-0.193571473,0.003854829,-0.645089544,0.248464364
1.330109397,-1.075603086,-0.527923592,-0.333989343,0.170362893,-1.117626451
1.429467138,-1.075603086,-0.466454061,-0.886620636,-0.262922144,-0.45439629
1.268972542,-1.015513429,-0.750376873,-0.413002038,-0.812267101,0.287087458
1.51506474,-1.20099239,-0.787290201,0.222157049,0.36650021,-0.240207327
1.264408681,-1.021447406,-0.168846177,0.122557188,0.134018596,-0.240207327
1.047465818,-0.588700302,-0.858082503,-0.413002038,-0.024755022,-0.826268829
1.169614245,-0.015877426,-0.130590586,-0.263666195,0.453040326,-0.631798784
1.419640899,-0.148481535,-0.750376873,1.296285492,1.546001285,1.143435643
1.119963845,-1.613240503,-1.12064905,-0.333989343,-0.161220044,-0.826268829
1.334859219,-0.957065019,-0.269583479,0.646478384,0.453040326,0.398210008
1.279913726,0.038963769,-0.705034296,1.26014965,1.328635391,1.04838575
1.306811916,1.047787058,0.94850908,-0.503090299,-0.317677902,-0.19015971
0.87123941,-0.957065019,-0.499025472,-1.087596257,-0.725229283,-0.45439629
1.284570638,-1.075603086,-0.834252199,-0.886620636,-1.131185118,-0.759372037
1.349280483,0.38253515,0.280566491,-0.732524401,-0.262922144,-0.694586889
1.514437834,-0.022863271,-0.458385907,-1.087596257,-0.812267101,-0.662950018
1.305292073,-0.213535334,-0.310535218,-0.333989343,-0.645089544,-0.215020633
1.204356947,-0.176724093,-1.240479996,-0.090001187,-0.436562238,-0.291588647
1.161712958,0.211307153,-0.099822591,0.252078293,0.057513428,0.248464364
0.847426101,-0.263183317,0.142314753,-0.886620636,-1.131185118,-1.548082129
1.458462692,0.387915072,0.610095244,-1.087596257,-1.013033438,-1.548082129
1.292084591,-0.517964465,-0.548796704,-0.732524401,-0.812267101,-2.081050711
1.094701583,0.106134792,-0.700548013,0.428469573,0.272739955,0.248464364
1.138388852,0.101764986,0.037740718,-0.607769054,-1.422440464,-0.09383027
1.196019077,-0.239177257,-0.288098948,-0.732524401,0.057513428,-1.117626451
1.758584531,1.140101201,0.809011331,-0.090001187,-0.725229283,0.825870826
0.912506846,-0.986088324,-0.750376873,-0.333989343,0.205549088,-1.078931168
1.186777775,-0.279370279,0.044054369,-1.87963184,-0.907584193,-1.907877464
1.080392064,-0.362577637,0.075313168,-1.375336814,-0.570789896,-1.117626451
1.236958143,-0.362577637,-0.007044534,-1.087596257,-1.131185118,-1.69539077
1.161885293,-0.123868741,0.15126809,-0.886620636,-0.262922144,0.724823981
0.892900059,-0.652175764,-0.310535218,-0.732524401,-0.645089544,-1.117626451
0.955742042,1.303763963,1.062096792,0.045985379,-0.024755022,-0.19015971
0.698842665,-0.472229604,-2.1177419,-0.263666195,-0.375435119,0.502785871
1.202361317,-1.403289324,-1.031736342,-0.607769054,0.017156238,-1.548082129
1.209331033,-0.275309677,-0.062851187,-0.732524401,-0.645089544,-1.365637036
0.935141665,-0.657145079,-0.634275646,-0.886620636,-0.570789896,-0.759372037
1.135925188,-1.075603086,-0.113438916,-1.087596257,-2.170655091,1.33853719
2.063443128,2.162245065,2.003430922,0.718170553,-0.024755022,2.021600846
1.627207547,1.722556685,1.204989502,0.949875839,0.868003744,1.35878572
1.68304781,1.400920993,1.041822828,0.921860671,0.608545949,1.143435643
1.642708644,0.762132552,0.118226526,0.882292936,0.67904512,0.880989998
1.49609278,1.487006841,1.354868347,0.547287544,-0.068351822,1.023722093
1.742521132,1.197553938,0.607812423,0.564999934,-0.501501429,1.35878572
1.429602986,1.200346531,0.772475878,0.598931387,0.239652166,1.348694569
1.869093023,1.225150388,0.788823974,0.547287544,-0.161220044,1.35878572
1.551400949,1.110181996,0.591740939,0.33397578,-0.024755022,1.33853719
1.288436793,0.241233673,-0.046271866,-0.263666195,-0.068351822,-0.070492567
1.468159737,0.758050827,0.183731101,0.222157049,0.017156238,1.143435643
2.262298918,2.048703377,2.102795698,0.359007982,-0.317677902,1.547782104
1.536772858,0.211307153,0.3776659,-0.333989343,-0.113783382,-0.19015971
1.093424343,0.501431896,-0.727595942,0.470723318,-0.317677902,1.35878572
1.39369578,0.473767137,0.109112821,0.222157049,-0.024755022,0.416075177
1.32339551,1.197553938,0.313532598,0.157570278,-0.501501429,0.998678444
1.463036996,0.662602327,1.022968518,-0.142764831,-0.317677902,-0.19015971
1.513266604,1.063716722,0.401117682,-0.200339483,-0.375435119,0.248464364
1.118177043,0.511312797,0.575507251,-0.413002038,-0.113783382,-0.19015971
1.013622315,-0.373253201,-0.660556781,-0.503090299,-0.907584193,-0.19015971
1.107399555,0.981732029,0.854424878,0.085448981,-0.812267101,1.33853719
1.163779301,0.737443255,0.345893773,0.19070789,0.205549088,0.601465022
1.198526734,0.9295895,0.659505243,0.383053418,-0.113783382,0.880989998
1.583458203,0.199171153,-0.970812327,0.794146212,1.341771888,-0.19015971
1.801088441,1.433452167,1.091945777,1.73539841,1.392954592,1.962804428
1.846882277,0.895334098,0.072210296,1.746697523,1.749982614,1.715621347
1.66102047,0.232317069,0.359202853,1.348806166,1.76867725,0.89448899
1.684216023,0.554924176,0.382905071,1.371161929,1.429990734,1.143435643
1.514186966,0.11788958,0.127296086,1.108518692,1.301931514,0.783305121
1.512931727,0.299372504,-0.269583479,1.072735984,1.489351773,0.433761927
1.686654191,-0.199882399,-0.523772254,1.174045999,1.246703823,0.867380311
1.47573285,-1.075603086,-0.886992447,1.080071777,0.906154277,0.433761927
1.152890228,-0.997809682,-0.127148508,0.383053418,0.36650021,0.536304726
1.485059405,0.606403833,0.416576035,1.286192543,1.465947894,0.867380311
1.322047869,-1.299897986,-1.47937536,0.902410401,0.67904512,0.601465022
1.594428229,0.018613398,0.206985475,1.101537114,1.417768579,0.754317496
1.604017352,-2.23394438,1.137082491,0.598931387,0.36650021,0.36193156
1.462158844,-0.123868741,0.472082633,0.69051983,0.559025647,0.601465022
1.532220657,-0.069006513,0.075313168,1.042427298,1.477705081,0.248464364
1.108121094,0.511312797,0.745526749,0.510218738,0.906154277,-0.19015971
1.188631915,-1.168970319,-0.056202697,0.359007982,0.239652166,-0.070492567
1.378520051,-0.279410931,-0.218599191,0.78214107,1.030755016,0.208999656
1.393133989,0.004904008,0.327089013,0.993774593,1.064083808,0.248464364
1.640049231,-0.541253331,-0.544606489,0.547287544,0.6325279,-0.117459269
1.455107494,-0.015877426,0.580162137,1.010448479,1.17393975,0.248464364
1.462773626,0.597188428,0.021865111,0.882292936,0.943110155,0.601465022
1.512052164,0.837264218,0.648410446,1.115416887,0.745493349,0.601465022
1.31513443,0.018613398,0.327089013,0.704505774,0.424923892,0.248464364
1.629228405,-0.40565917,-1.047201724,0.252078293,0.304874009,-0.19015971
1.309542457,0.716498093,-0.082931949,0.912216217,0.096432998,1.143435643
1.271587177,0.758050827,0.632745476,0.757374664,0.205549088,0.601465022
1.869209593,1.225150388,0.591740939,0.794146212,-0.024755022,1.143435643
1.731054914,1.969193609,1.492621927,0.582205335,0.33611037,0.867380311
1.387782508,0.39594771,0.081503716,0.731528289,0.701620137,0.433761927
1.162574377,-0.416589473,-0.791945037,0.490793606,0.48047619,0.248464364
1.229015927,-0.799875909,-0.462416279,-1.87963184,-1.847461061,-0.19015971
0.976007813,-1.20099239,-0.901577426,-0.732524401,-1.422440464,-0.45439629
1.332585792,-0.123868741,-0.398806406,-1.087596257,-1.610602394,0.042039209
0.658107272,-1.015572688,-2.217714816,-0.732524401,-0.645089544,-1.117626451
1.275237572,-0.239177257,-0.886992447,-0.732524401,-0.725229283,-0.19015971
0.955742042,-0.267216228,-0.515492695,-1.087596257,-0.317677902,-1.157034908
1.173488122,-0.123868741,-0.621247117,-0.732524401,-1.265758561,-0.45439629
0.861150734,-0.123868741,0.118226526,-1.87963184,-2.170655091,-0.759372037
0.909966597,-0.738402037,-0.980863481,-0.886620636,-1.013033438,-0.45439629
0.933062874,-0.541253331,-0.801282101,-0.607769054,-0.317677902,-0.759372037
0.609735606,-1.663801983,-2.386143163,-0.886620636,-0.570789896,-1.078931168
0.849205283,-0.64227476,-1.20174962,-1.087596257,-1.847461061,-0.317799235
0.898258078,-0.780304881,-0.94090141,-0.732524401,-0.501501429,-1.117626451
0.863570487,-0.333015675,-1.262870771,-1.087596257,-0.725229283,0.042039209
1.149063824,0.39594771,0.183731101,-0.886620636,-1.013033438,-0.19015971
0.694849197,-1.240035293,-2.329017798,-0.607769054,-0.907584193,-0.19015971
0.87123941,-1.624816033,-3.242292795,-0.607769054,-0.436562238,0.867380311
0.34224292,-1.075603086,-1.190788415,-1.087596257,-1.265758561,-0.45439629
0.80166984,-0.817695454,-1.142028008,-1.087596257,-0.725229283,-1.322287127
0.664513907,-1.941996859,-3.273965439,-0.886620636,-1.422440464,-0.45439629
1.119963845,0.947229213,0.491821095,-0.732524401,-1.013033438,-0.19015971
1.507390756,0.196122165,0.031406207,1.296285492,1.621221109,0.324900031
1.745117309,0.461195516,0.506472888,1.161523492,1.81424442,-0.19015971
1.652728559,0.16529761,0.329787797,1.148722332,1.328635391,0.601465022
1.45934389,-0.196001148,-0.705034296,1.108518692,1.546001285,0.248464364
1.570232131,-0.012395568,0.481981032,1.452671263,1.958036879,0.601465022
1.775157185,0.778328952,1.77164485,1.537068081,2.269605777,0.536304726
1.582166747,-0.247143026,0.447078117,1.101537114,1.500890131,0.208999656
1.264408681,-1.333848418,-0.426407367,0.921860671,1.500890131,-0.19015971
1.675581197,0.34154057,1.029854838,1.935813292,2.59261407,1.023722093
1.587790265,-0.279370279,0.603236985,0.95892369,1.274630587,0.433761927
1.424838109,0.018613398,0.73292569,0.646478384,1.76867725,-0.398612344
1.384247451,-0.738402037,-0.103217979,0.967833517,1.158846683,0.433761927
1.421832244,-0.497246317,-1.395405275,1.167818833,1.662259579,0.26787913
1.645802398,0.149653456,0.898470295,0.839866251,1.76867725,-0.45439629
1.849565153,0.180786408,0.280566491,1.934229165,3.224526759,0.754317496
1.380700939,-0.494958271,0.258244913,0.861461973,1.380357464,-0.19015971
1.506759245,-0.828505675,0.069102344,1.270709892,2.144063862,0.754317496
1.156011699,-0.362637246,-0.003810953,0.598931387,0.887233402,0.601465022
1.556954055,-1.015513429,0.166094843,0.95892369,1.477705081,-0.45439629
1.251563549,0.052390283,-0.127148508,0.122557188,0.961164157,-0.45439629
1.648336561,1.450496425,1.362820977,2.049506008,2.746878054,1.108447366
1.530616498,-1.124903772,-0.276970026,0.882292936,1.489351773,-0.141386026
1.530739983,0.211307153,-0.056202697,0.769887313,1.341771888,0.433761927
1.446316574,-0.320492801,-0.325626376,0.78214107,1.354769034,-0.19015971
1.599060776,-0.015877426,-1.443072689,1.180206419,1.823165306,0.208999656
1.597904614,1.31863945,1.108244027,1.315949962,1.523650179,1.023722093
1.767588859,0.673561068,-1.185325073,1.174045999,0.533438712,1.35878572
1.508148067,0.07891261,-0.288098948,1.601727419,2.171509414,1.023722093
1.539959823,-0.123868741,-0.356134431,0.646478384,0.828574318,0.042039209
1.462641917,0.113069387,-1.142028008,0.828764056,1.158846683,0.416075177
1.29735557,-0.279370279,0.044054369,-0.607769054,-1.013033438,0.433761927
1.167729645,-0.087093951,-0.254888346,-0.732524401,-0.436562238,0.042039209
0.973996039,-0.299813337,-0.049576574,-1.087596257,-1.422440464,-0.317799235
1.20158431,0.080063023,0.171992384,-1.087596257,-1.422440464,-1.040926643
1.129743501,-0.087093951,0.23279679,-1.375336814,-0.725229283,-1.548082129
1.02526552,-0.588700302,-0.168846177,-1.087596257,-0.907584193,-0.45439629
0.98933681,-0.015877426,0.283337169,-0.607769054,-1.013033438,-0.317799235
1.29228975,-0.299813337,-0.4343582,-0.732524401,-0.907584193,0.343511644
1.444621147,-0.247143026,0.57783637,0.045985379,-0.317677902,-0.511797963
1.220854683,-0.051105204,-0.093049117,-0.607769054,-0.375435119,-0.930848077
1.231615347,-0.50412716,0.157213057,0.510218738,0.017156238,0.601465022
1.144700505,-0.043999554,0.109112821,0.529038086,0.096432998,0.248464364
1.104689894,-0.051105204,0.390734101,0.280610441,0.057513428,-0.141386026
1.103061142,-0.199882399,0.005857565,0.718170553,0.507265232,0.287087458
1.139443138,0.716498093,0.735033101,0.30787433,-0.161220044,0.679600511
1.125308188,0.335987055,0.23279679,0.490793606,0.745493349,-0.19015971
1.034884231,-0.105381481,0.206985475,0.598931387,0.304874009,0.085218061
1.260301314,0.11788958,0.69015917,0.222157049,0.057513428,-0.070492567
1.204356947,0.168407723,0.283337169,-0.263666195,-0.161220044,-0.601120212
1.080576602,-0.396961422,-0.013527887,0.280610441,-0.024755022,0.228839222
0.934726182,0.028820406,-0.669384225,0.33397578,0.239652166,-0.19015971
1.109022404,-0.564830142,-0.265899975,0.547287544,0.608545949,-0.291588647
1.160333373,-0.239177257,-0.229419259,0.646478384,0.787772358,-0.240207327
1.077805555,0.377135233,0.280566491,0.510218738,0.507265232,0.042039209
1.165842011,0.270583251,0.46462025,0.661522923,0.507265232,0.042039209
1.204356947,-0.449773445,-0.27327349,0.564999934,0.745493349,-0.45439629
1.070756903,0.143351767,0.090751731,0.157570278,0.766824487,-0.19015971
1.016348976,-0.015877426,0.053485949,0.547287544,0.608545949,-0.215020633
1.682941541,1.184894899,0.807004846,1.22157175,1.405424067,1.143435643
1.687289245,1.568317653,1.438261567,1.559464447,1.641907919,1.33853719
1.755728609,0.211307153,0.681462161,0.931348878,1.1280817,0.811801935
1.857833079,0.716286909,0.628241159,1.53379404,1.682287307,1.254798878
1.723946479,0.875045171,1.034996868,0.912216217,1.030755016,0.89448899
1.628891877,1.444413776,0.830905395,0.839866251,0.36650021,1.254798878
1.620969786,-0.123868741,0.277791498,0.704505774,0.6325279,0.601465022
1.766419168,0.936677058,0.053485949,1.396873342,1.260747316,1.254798878
1.836797244,1.639541867,0.523404354,1.09447016,0.828574318,1.35878572
1.712360758,0.680092599,-0.344642618,1.339611071,1.232496168,1.143435643
1.541549647,0.747788724,-0.41848548,0.704505774,0.36650021,1.023722093
1.585802137,0.613959234,0.249802104,1.320761665,0.961164157,1.143435643
1.606314523,-0.712650318,-0.41848548,-0.413002038,0.39609038,-0.759372037
1.523677921,0.211004916,-1.257255228,0.817448829,0.608545949,0.89448899
1.667949962,1.497352511,1.060418873,0.882292936,-0.068351822,1.634080354
1.575211915,0.662602327,0.780672151,0.449964567,0.67904512,0.188941508
1.83815427,2.175531319,1.661394446,0.78214107,-0.210857502,1.254798878
1.371855761,-0.612869352,-0.727595942,0.861461973,0.507265232,0.89448899
1.561159333,0.856300917,0.163138988,1.087315762,1.080406267,0.89448899
1.587089015,1.61291787,1.091945777,1.050154266,1.429990734,0.89448899
1.602981927,0.893503706,-0.211417244,0.940685716,0.453040326,1.166342628
1.39229076,0.08547529,-0.527923592,0.222157049,0.559025647,0.248464364
1.52822625,-0.928435294,-0.591133475,-0.263666195,0.39609038,-0.895401527
1.480276843,0.486478101,0.106065056,0.769887313,0.559025647,0.867380311
1.469861855,0.964608132,0.327089013,1.050154266,0.924776615,1.33853719
1.519192937,0.689829063,-0.204260297,0.912216217,0.507265232,0.960377559
1.684640485,1.145987263,0.166094843,0.931348878,0.584053015,1.023722093
1.387923672,-0.123868741,-1.223811094,0.704505774,0.787772358,0.825870826
1.457227792,0.727013392,0.169045971,0.510218738,-0.161220044,0.89448899
1.589424646,1.169214411,0.961198615,0.19070789,0.304874009,0.248464364
1.475993032,0.651551516,-0.052886846,0.470723318,0.057513428,0.867380311
1.681878214,0.981732029,0.87181966,0.157570278,-0.068351822,-0.19015971
1.641601413,0.211156042,0.646182078,0.157570278,-0.024755022,0.947409039
1.570588631,0.149653456,-0.151367499,0.359007982,0.507265232,-0.09383027
1.475862949,0.176307422,-0.036390994,0.704505774,1.218120263,0.433761927
1.882373958,0.673561068,1.352205537,0.30787433,0.33611037,-0.19015971
1.136805657,-0.303930186,-0.30302987,0.045985379,-0.375435119,-0.070492567
2.110549785,1.90423941,1.826609482,0.828764056,0.424923892,1.143435643
1.844191629,1.811905597,1.898254367,1.306202667,1.047535613,1.318020658
1.968543301,0.53571147,1.260846418,1.072735984,0.304874009,1.35878572
1.737810272,1.07942265,1.364141219,0.993774593,0.766824487,0.986010879
1.499151386,0.38253515,0.796931694,1.556319437,1.465947894,1.143435643
1.916126902,1.252032766,0.87373964,1.517130061,1.610748352,1.13185766
2.070852759,1.940426146,1.479575737,1.417440645,1.030755016,1.634080354
2.116371894,1.996782328,1.991593298,1.690215282,1.260747316,1.866147372
1.596862944,0.684428891,1.310152577,1.670025822,1.875419671,1.493510176
1.767881059,0.58324613,1.525150168,1.286192543,1.17393975,1.33853719
2.359718298,2.539093296,2.422162886,1.906565787,1.274630587,2.441591826
1.530245957,2.048703377,1.942489558,2.049506008,1.465947894,2.126269235
2.200405765,2.29739795,2.525953079,2.364911646,2.157858542,2.228968539
1.942638291,1.197553938,1.830835649,1.988523461,1.096509372,1.792848244
2.342676595,1.576070065,1.763524236,2.029936608,1.631607132,2.065668911
1.672900837,1.422360743,1.266582879,2.176621423,1.823165306,1.770109173
1.868043223,1.303763963,1.425817512,2.163329257,1.958036879,1.547782104
2.2672344,2.45565075,2.625851408,2.304308833,2.294577412,2.582925879
3.043780438,2.685045944,2.890966059,1.530500716,0.36650021,2.966925348
2.132951447,2.255410934,2.147791597,1.543559191,0.961164157,2.344629514
1.835982079,1.340882608,1.770745971,1.265454192,1.218120263,1.33853719
1.811377002,1.492194416,0.778627263,1.842878498,2.10892657,1.715621347
2.097569531,1.738179962,1.642111863,1.41338669,1.047535613,1.747006997
1.625070012,1.225150388,1.492621927,1.405190371,1.454077984,1.35878572
1.366686973,-0.295705944,-0.251230709,-1.087596257,-0.812267101,-0.45439629
1.000882913,-1.474862904,-0.714032835,-0.886620636,0.096432998,-1.117626451
0.976007813,-1.23348076,-0.796608995,-0.886620636,-0.262922144,-1.117626451
0.935141665,-0.957065019,-0.843756057,-0.503090299,-0.725229283,-1.322287127
1.044427662,0.270583251,0.739239224,-1.087596257,-0.645089544,-0.291588647
1.229015927,-0.506426358,0.037740718,-1.087596257,-0.812267101,-1.365637036
1.464484367,0.699493256,0.23279679,0.828764056,0.134018596,1.35878572
1.469861855,0.716498093,0.496719404,0.902410401,0.996468397,0.754317496
1.330109397,-1.194550997,-0.14441806,-0.732524401,-0.812267101,-0.895401527
1.275862176,-2.771501717,0.139320694,-0.263666195,-0.436562238,-0.694586889
1.431638649,-0.015877426,-0.016777684,-0.886620636,-0.570789896,-0.631798784
0.921567658,-0.405702762,-0.458385907,-0.413002038,-0.501501429,-0.759372037
1.199027617,0.018579268,-0.039679089,0.704505774,1.158846683,0.36193156
1.25315722,-1.530002806,-1.042036036,-0.413002038,-1.610602394,1.35878572
1.122639021,-0.803727177,-0.74123799,-0.333989343,-0.501501429,0.569190867
1.821922373,1.345727971,1.183770037,1.43337123,2.282150543,0.89448899
1.617722952,1.446003447,1.454237675,1.513736891,1.81424442,1.254798878
1.09104871,0.001458644,-0.877317462,-1.087596257,-1.265758561,0.754317496
1.572843601,-0.291607974,-0.647378662,1.66226064,1.232496168,1.35878572
1.788973636,0.571516863,-1.635946659,1.311097193,0.887233402,1.715621347
1.422105851,0.559685564,0.726585991,-1.087596257,-0.570789896,-0.930848077
1.389475283,-0.828505675,0.124277785,1.03459608,0.787772358,0.433761927
1.598405778,-0.296731908,0.106065056,0.222157049,0.559025647,-0.759372037
1.028159096,0.109847763,0.559108986,-0.333989343,0.559025647,-1.96419322
1.614769103,0.435452746,0.50403989,-0.886620636,0.017156238,-1.409859274
1.449121521,0.08547529,-0.049576574,0.280610441,-0.113783382,0.433761927
1.438261792,-0.279370279,-0.387084368,0.892437853,1.047535613,0.754317496
1.419503792,0.435452746,0.112155647,1.24393388,1.417768579,1.023722093
1.336783055,0.052390283,-0.625581721,0.902410401,1.047535613,0.867380311
1.38707641,0.649330203,-0.30302987,0.985255166,0.745493349,0.880989998
